{"v":"5.5.7","meta":{"g":"LottieFiles AE 0.1.20","a":"","k":"","d":"","tc":""},"fr":24,"ip":0,"op":95,"w":1080,"h":1080,"nm":"loading 2","ddd":0,"assets":[],"fonts":{"list":[{"fName":"Roboto-Bold","fFamily":"Roboto","fStyle":"Bold","ascent":75}]},"layers":[{"ddd":0,"ind":1,"ty":4,"nm":"dot3","sr":1,"ks":{"o":{"a":1,"k":[{"i":{"x":[0.667],"y":[1]},"o":{"x":[0.333],"y":[0]},"t":3,"s":[0]},{"i":{"x":[0.667],"y":[1]},"o":{"x":[0.333],"y":[0]},"t":14,"s":[10]},{"i":{"x":[0.667],"y":[1]},"o":{"x":[0.333],"y":[0]},"t":15,"s":[100]},{"i":{"x":[0.667],"y":[1]},"o":{"x":[0.333],"y":[0]},"t":34,"s":[100]},{"i":{"x":[0.667],"y":[1]},"o":{"x":[0.333],"y":[0]},"t":35,"s":[0]},{"i":{"x":[0.667],"y":[1]},"o":{"x":[0.333],"y":[0]},"t":52,"s":[0]},{"i":{"x":[0.667],"y":[1]},"o":{"x":[0.333],"y":[0]},"t":53,"s":[100]},{"i":{"x":[0.667],"y":[1]},"o":{"x":[0.333],"y":[0]},"t":74,"s":[100]},{"i":{"x":[0.667],"y":[1]},"o":{"x":[0.333],"y":[0]},"t":75,"s":[0]},{"i":{"x":[0.667],"y":[1]},"o":{"x":[0.333],"y":[0]},"t":92,"s":[0]},{"t":93,"s":[100]}],"ix":11},"r":{"a":0,"k":0,"ix":10},"p":{"a":0,"k":[586.75,540.75,0],"ix":2},"a":{"a":0,"k":[0,0,0],"ix":1},"s":{"a":0,"k":[100,100,100],"ix":6}},"ao":0,"shapes":[{"ty":"gr","it":[{"d":1,"ty":"el","s":{"a":0,"k":[19,19],"ix":2},"p":{"a":0,"k":[0,0],"ix":3},"nm":"Ellipse Path 1","mn":"ADBE Vector Shape - Ellipse","hd":false},{"ty":"fl","c":{"a":0,"k":[0.470588235294,0.780392156863,0.321568627451,1],"ix":4},"o":{"a":0,"k":100,"ix":5},"r":1,"bm":0,"nm":"Fill 1","mn":"ADBE Vector Graphic - Fill","hd":false},{"ty":"tr","p":{"a":0,"k":[193.75,-131.25],"ix":2},"a":{"a":0,"k":[0,0],"ix":1},"s":{"a":0,"k":[100,100],"ix":3},"r":{"a":0,"k":0,"ix":6},"o":{"a":0,"k":100,"ix":7},"sk":{"a":0,"k":0,"ix":4},"sa":{"a":0,"k":0,"ix":5},"nm":"Transform"}],"nm":"Ellipse 1","np":3,"cix":2,"bm":0,"ix":1,"mn":"ADBE Vector Group","hd":false}],"ip":0,"op":192,"st":0,"bm":0},{"ddd":0,"ind":2,"ty":4,"nm":"dot2","sr":1,"ks":{"o":{"a":1,"k":[{"i":{"x":[0.667],"y":[1]},"o":{"x":[0.333],"y":[0]},"t":3,"s":[0]},{"i":{"x":[0.667],"y":[1]},"o":{"x":[0.333],"y":[0]},"t":8,"s":[0]},{"i":{"x":[0.667],"y":[1]},"o":{"x":[0.333],"y":[0]},"t":9,"s":[100]},{"i":{"x":[0.667],"y":[1]},"o":{"x":[0.333],"y":[0]},"t":34,"s":[100]},{"i":{"x":[0.667],"y":[1]},"o":{"x":[0.333],"y":[0]},"t":35,"s":[0]},{"i":{"x":[0.667],"y":[1]},"o":{"x":[0.333],"y":[0]},"t":46,"s":[0]},{"i":{"x":[0.667],"y":[1]},"o":{"x":[0.333],"y":[0]},"t":47,"s":[100]},{"i":{"x":[0.667],"y":[1]},"o":{"x":[0.333],"y":[0]},"t":74,"s":[100]},{"i":{"x":[0.667],"y":[1]},"o":{"x":[0.333],"y":[0]},"t":75,"s":[0]},{"i":{"x":[0.667],"y":[1]},"o":{"x":[0.333],"y":[0]},"t":86,"s":[0]},{"t":87,"s":[100]}],"ix":11},"r":{"a":0,"k":0,"ix":10},"p":{"a":0,"k":[563.75,540.75,0],"ix":2},"a":{"a":0,"k":[0,0,0],"ix":1},"s":{"a":0,"k":[100,100,100],"ix":6}},"ao":0,"shapes":[{"ty":"gr","it":[{"d":1,"ty":"el","s":{"a":0,"k":[19,19],"ix":2},"p":{"a":0,"k":[0,0],"ix":3},"nm":"Ellipse Path 1","mn":"ADBE Vector Shape - Ellipse","hd":false},{"ty":"fl","c":{"a":0,"k":[0.470588235294,0.780392156863,0.321568627451,1],"ix":4},"o":{"a":0,"k":100,"ix":5},"r":1,"bm":0,"nm":"Fill 1","mn":"ADBE Vector Graphic - Fill","hd":false},{"ty":"tr","p":{"a":0,"k":[193.75,-131.25],"ix":2},"a":{"a":0,"k":[0,0],"ix":1},"s":{"a":0,"k":[100,100],"ix":3},"r":{"a":0,"k":0,"ix":6},"o":{"a":0,"k":100,"ix":7},"sk":{"a":0,"k":0,"ix":4},"sa":{"a":0,"k":0,"ix":5},"nm":"Transform"}],"nm":"Ellipse 1","np":3,"cix":2,"bm":0,"ix":1,"mn":"ADBE Vector Group","hd":false}],"ip":0,"op":192,"st":0,"bm":0},{"ddd":0,"ind":3,"ty":4,"nm":"dot1","sr":1,"ks":{"o":{"a":1,"k":[{"i":{"x":[0.667],"y":[1]},"o":{"x":[0.333],"y":[0]},"t":3,"s":[0]},{"i":{"x":[0.667],"y":[1]},"o":{"x":[0.333],"y":[0]},"t":4,"s":[100]},{"i":{"x":[0.667],"y":[1]},"o":{"x":[0.333],"y":[0]},"t":8,"s":[100]},{"i":{"x":[0.667],"y":[1]},"o":{"x":[0.333],"y":[0]},"t":34,"s":[100]},{"i":{"x":[0.667],"y":[1]},"o":{"x":[0.333],"y":[0]},"t":35,"s":[0]},{"i":{"x":[0.667],"y":[1]},"o":{"x":[0.333],"y":[0]},"t":40,"s":[0]},{"i":{"x":[0.667],"y":[1]},"o":{"x":[0.333],"y":[0]},"t":41,"s":[100]},{"i":{"x":[0.667],"y":[1]},"o":{"x":[0.333],"y":[0]},"t":74,"s":[100]},{"i":{"x":[0.667],"y":[1]},"o":{"x":[0.333],"y":[0]},"t":75,"s":[0]},{"i":{"x":[0.667],"y":[1]},"o":{"x":[0.333],"y":[0]},"t":80,"s":[0]},{"t":81,"s":[100]}],"ix":11},"r":{"a":0,"k":0,"ix":10},"p":{"a":0,"k":[542,540,0],"ix":2},"a":{"a":0,"k":[0,0,0],"ix":1},"s":{"a":0,"k":[100,100,100],"ix":6}},"ao":0,"shapes":[{"ty":"gr","it":[{"d":1,"ty":"el","s":{"a":0,"k":[19,19],"ix":2},"p":{"a":0,"k":[0,0],"ix":3},"nm":"Ellipse Path 1","mn":"ADBE Vector Shape - Ellipse","hd":false},{"ty":"fl","c":{"a":0,"k":[0.470588235294,0.780392156863,0.321568627451,1],"ix":4},"o":{"a":0,"k":100,"ix":5},"r":1,"bm":0,"nm":"Fill 1","mn":"ADBE Vector Graphic - Fill","hd":false},{"ty":"tr","p":{"a":0,"k":[193.75,-131.25],"ix":2},"a":{"a":0,"k":[0,0],"ix":1},"s":{"a":0,"k":[100,100],"ix":3},"r":{"a":0,"k":0,"ix":6},"o":{"a":0,"k":100,"ix":7},"sk":{"a":0,"k":0,"ix":4},"sa":{"a":0,"k":0,"ix":5},"nm":"Transform"}],"nm":"Ellipse 1","np":3,"cix":2,"bm":0,"ix":1,"mn":"ADBE Vector Group","hd":false}],"ip":0,"op":192,"st":0,"bm":0},{"ddd":0,"ind":4,"ty":5,"nm":"LOADING","sr":1,"ks":{"o":{"a":0,"k":100,"ix":11},"r":{"a":0,"k":0,"ix":10},"p":{"a":0,"k":[294.89,419,0],"ix":2},"a":{"a":0,"k":[0,0,0],"ix":1},"s":{"a":0,"k":[100,100,100],"ix":6}},"ao":0,"t":{"d":{"k":[{"s":{"s":101,"f":"Roboto-Bold","t":"LOADING","j":0,"tr":0,"lh":121.2,"ls":0,"fc":[0.471,0.78,0.322]},"t":0}]},"p":{},"m":{"g":1,"a":{"a":0,"k":[0,0],"ix":2}},"a":[]},"ip":0,"op":192,"st":0,"bm":0},{"ddd":0,"ind":5,"ty":4,"nm":"fill","sr":1,"ks":{"o":{"a":0,"k":100,"ix":11},"r":{"a":0,"k":0,"ix":10},"p":{"a":0,"k":[93.581,540,0],"ix":2},"a":{"a":0,"k":[-479.032,16.412,0],"ix":1},"s":{"a":0,"k":[93.535,63.979,100],"ix":6}},"ao":0,"hasMask":true,"masksProperties":[{"inv":false,"mode":"a","pt":{"a":1,"k":[{"i":{"x":0.833,"y":0.823},"o":{"x":0.619,"y":0},"t":0,"s":[{"i":[[-0.132,15.096],[0,0],[0,-11.046],[0,0],[-11.146,0],[0,0],[0,21.729],[0,12.836]],"o":[[0,0],[-24.191,-28.525],[0,0],[0,11.046],[0,0],[-0.132,-16.555],[0,-16.874],[0,-25.809]],"v":[[-424.996,-57.298],[-453.324,-69.164],[-488.473,-17.122],[-491.146,51.508],[-453.056,89.092],[-424.996,89.235],[-425.128,43.445],[-425.128,0.019]],"c":true}]},{"i":{"x":0.04,"y":1},"o":{"x":0.533,"y":0.565},"t":9,"s":[{"i":[[11.144,0.002],[0,0],[0,-11.046],[0,0],[-11.146,0],[0,0],[-8.017,20.196],[3.875,12.237]],"o":[[0,0],[-11.148,-0.004],[0,0],[0,11.046],[0,0],[22.584,-2.347],[6.12,-15.416],[-9.26,-29.245]],"v":[[-402.672,-58.613],[-425.264,-64.085],[-491.415,-30.798],[-497.295,58.153],[-422.057,89.873],[-403.741,89.873],[-353.098,45.646],[-352.563,-14.189]],"c":true}]},{"t":94,"s":[{"i":[[11.146,0],[0,0],[0,-11.046],[0,0],[-37.288,-2.345],[0,0],[-8.018,20.195],[3.875,12.237]],"o":[[0,0],[-23.924,-3.126],[0,0],[0,11.046],[0,0],[22.587,-2.345],[6.12,-15.415],[-9.261,-29.245]],"v":[[403.034,-58.613],[-423.656,-58.613],[-482.86,-17.512],[-487.137,33.924],[-422.052,89.874],[401.964,89.874],[452.616,45.647],[453.15,-14.191]],"c":true}]}],"ix":1},"o":{"a":0,"k":100,"ix":3},"x":{"a":0,"k":0,"ix":4},"nm":"Mask 1"}],"shapes":[{"ty":"gr","it":[{"ty":"rc","d":1,"s":{"a":0,"k":[956,144],"ix":2},"p":{"a":0,"k":[0,0],"ix":3},"r":{"a":0,"k":0,"ix":4},"nm":"Rectangle Path 1","mn":"ADBE Vector Shape - Rect","hd":false},{"ty":"fl","c":{"a":0,"k":[0.470581054688,0.780364990234,0.321563720703,1],"ix":4},"o":{"a":0,"k":100,"ix":5},"r":1,"bm":0,"nm":"Fill 1","mn":"ADBE Vector Graphic - Fill","hd":false},{"ty":"tr","p":{"a":0,"k":[-12,14],"ix":2},"a":{"a":0,"k":[0,0],"ix":1},"s":{"a":0,"k":[97.705,100],"ix":3},"r":{"a":0,"k":0,"ix":6},"o":{"a":0,"k":100,"ix":7},"sk":{"a":0,"k":0,"ix":4},"sa":{"a":0,"k":0,"ix":5},"nm":"Transform"}],"nm":"Rectangle 1","np":3,"cix":2,"bm":0,"ix":1,"mn":"ADBE Vector Group","hd":false},{"ty":"rd","nm":"Round Corners 1","r":{"a":0,"k":68,"ix":1},"ix":2,"mn":"ADBE Vector Filter - RC","hd":false}],"ip":0,"op":192,"st":0,"bm":0},{"ddd":0,"ind":6,"ty":4,"nm":"border","sr":1,"ks":{"o":{"a":0,"k":100,"ix":11},"r":{"a":0,"k":0,"ix":10},"p":{"a":0,"k":[542,526,0],"ix":2},"a":{"a":0,"k":[0,0,0],"ix":1},"s":{"a":0,"k":[100,100,100],"ix":6}},"ao":0,"shapes":[{"ty":"gr","it":[{"ty":"rc","d":1,"s":{"a":0,"k":[956,144],"ix":2},"p":{"a":0,"k":[0,0],"ix":3},"r":{"a":0,"k":0,"ix":4},"nm":"Rectangle Path 1","mn":"ADBE Vector Shape - Rect","hd":false},{"ty":"st","c":{"a":0,"k":[0.470588235294,0.780392156863,0.321568627451,1],"ix":3},"o":{"a":0,"k":100,"ix":4},"w":{"a":0,"k":25,"ix":5},"lc":1,"lj":1,"ml":4,"bm":0,"nm":"Stroke 1","mn":"ADBE Vector Graphic - Stroke","hd":false},{"ty":"tr","p":{"a":0,"k":[-12,14],"ix":2},"a":{"a":0,"k":[0,0],"ix":1},"s":{"a":0,"k":[97.705,100],"ix":3},"r":{"a":0,"k":0,"ix":6},"o":{"a":0,"k":100,"ix":7},"sk":{"a":0,"k":0,"ix":4},"sa":{"a":0,"k":0,"ix":5},"nm":"Transform"}],"nm":"Rectangle 1","np":3,"cix":2,"bm":0,"ix":1,"mn":"ADBE Vector Group","hd":false},{"ty":"rd","nm":"Round Corners 1","r":{"a":0,"k":80,"ix":1},"ix":2,"mn":"ADBE Vector Filter - RC","hd":false}],"ip":0,"op":192,"st":0,"bm":0}],"markers":[],"chars":[{"ch":"L","size":101,"style":"Bold","w":54.15,"data":{"shapes":[{"ty":"gr","it":[{"ind":0,"ty":"sh","ix":1,"ks":{"a":0,"k":{"i":[[0,0],[0,0],[0,0],[0,0],[0,0],[0,0]],"o":[[0,0],[0,0],[0,0],[0,0],[0,0],[0,0]],"v":[[20.996,-71.094],[6.348,-71.094],[6.348,0],[52.1,0],[52.1,-11.768],[20.996,-11.768]],"c":true},"ix":2},"nm":"L","mn":"ADBE Vector Shape - Group","hd":false}],"nm":"L","np":3,"cix":2,"bm":0,"ix":1,"mn":"ADBE Vector Group","hd":false}]},"fFamily":"Roboto"},{"ch":"O","size":101,"style":"Bold","w":69.04,"data":{"shapes":[{"ty":"gr","it":[{"ind":0,"ty":"sh","ix":1,"ks":{"a":0,"k":{"i":[[0,0],[2.522,5.322],[4.606,2.849],[5.924,0],[4.606,-2.848],[2.522,-5.322],[0,-6.998],[0,0],[-2.539,-5.257],[-4.623,-2.832],[-5.892,0],[-4.607,2.865],[-2.474,5.273],[0,6.999]],"o":[[0,-6.966],[-2.523,-5.322],[-4.607,-2.848],[-5.925,0],[-4.607,2.849],[-2.523,5.322],[0,0],[0.032,6.836],[2.539,5.257],[4.622,2.832],[5.957,0],[4.606,-2.864],[2.473,-5.273],[0,0]],"v":[[64.746,-37.109],[60.962,-55.542],[50.269,-67.798],[34.473,-72.07],[18.677,-67.798],[7.983,-55.542],[4.199,-37.061],[4.199,-33.545],[8.057,-15.405],[18.799,-3.271],[34.57,0.977],[50.415,-3.32],[61.035,-15.527],[64.746,-33.936]],"c":true},"ix":2},"nm":"O","mn":"ADBE Vector Shape - Group","hd":false},{"ind":1,"ty":"sh","ix":2,"ks":{"a":0,"k":{"i":[[0,0],[2.637,-3.857],[4.915,0],[2.669,4.004],[0,7.259],[0,0],[-2.67,3.825],[-4.916,0],[-2.67,-3.873],[0,-7.454]],"o":[[-0.033,7.39],[-2.637,3.857],[-5.013,0],[-2.67,-4.004],[0,0],[0.032,-7.389],[2.669,-3.825],[4.948,0],[2.669,3.874],[0,0]],"v":[[49.902,-33.691],[45.898,-16.821],[34.57,-11.035],[23.047,-17.041],[19.043,-33.936],[19.043,-37.402],[23.096,-54.224],[34.473,-59.961],[45.898,-54.15],[49.902,-37.158]],"c":true},"ix":2},"nm":"O","mn":"ADBE Vector Shape - Group","hd":false}],"nm":"O","np":5,"cix":2,"bm":0,"ix":1,"mn":"ADBE Vector Group","hd":false}]},"fFamily":"Roboto"},{"ch":"A","size":101,"style":"Bold","w":67.29,"data":{"shapes":[{"ty":"gr","it":[{"ind":0,"ty":"sh","ix":1,"ks":{"a":0,"k":{"i":[[0,0],[0,0],[0,0],[0,0],[0,0],[0,0],[0,0],[0,0]],"o":[[0,0],[0,0],[0,0],[0,0],[0,0],[0,0],[0,0],[0,0]],"v":[[51.416,0],[66.992,0],[40.381,-71.094],[26.807,-71.094],[0.342,0],[15.918,0],[20.801,-14.648],[46.484,-14.648]],"c":true},"ix":2},"nm":"A","mn":"ADBE Vector Shape - Group","hd":false},{"ind":1,"ty":"sh","ix":2,"ks":{"a":0,"k":{"i":[[0,0],[0,0],[0,0]],"o":[[0,0],[0,0],[0,0]],"v":[[33.594,-53.125],[42.529,-26.514],[24.756,-26.514]],"c":true},"ix":2},"nm":"A","mn":"ADBE Vector Shape - Group","hd":false}],"nm":"A","np":5,"cix":2,"bm":0,"ix":1,"mn":"ADBE Vector Group","hd":false}]},"fFamily":"Roboto"},{"ch":"D","size":101,"style":"Bold","w":64.99,"data":{"shapes":[{"ty":"gr","it":[{"ind":0,"ty":"sh","ix":1,"ks":{"a":0,"k":{"i":[[0,0],[-4.948,2.832],[-2.718,5.144],[0,6.609],[0,0],[2.766,5.193],[4.932,2.816],[6.25,0],[0,0],[0,0]],"o":[[6.217,-0.032],[4.948,-2.832],[2.718,-5.143],[0,0],[0,-6.608],[-2.767,-5.192],[-4.932,-2.815],[0,0],[0,0],[0,0]],"v":[[28.369,0],[45.117,-4.297],[56.616,-16.26],[60.693,-33.887],[60.693,-37.158],[56.543,-54.858],[44.995,-66.87],[28.223,-71.094],[6.348,-71.094],[6.348,0]],"c":true},"ix":2},"nm":"D","mn":"ADBE Vector Shape - Group","hd":false},{"ind":1,"ty":"sh","ix":2,"ks":{"a":0,"k":{"i":[[0,0],[-2.995,-3.727],[0,-7.227],[0,0],[3.027,-3.743],[5.729,0],[0,0],[0,0]],"o":[[5.762,0],[2.995,3.728],[0,0],[-0.066,6.966],[-3.027,3.744],[0,0],[0,0],[0,0]],"v":[[28.223,-59.229],[41.357,-53.638],[45.85,-37.207],[45.85,-33.447],[41.211,-17.383],[28.076,-11.768],[20.996,-11.768],[20.996,-59.229]],"c":true},"ix":2},"nm":"D","mn":"ADBE Vector Shape - Group","hd":false}],"nm":"D","np":5,"cix":2,"bm":0,"ix":1,"mn":"ADBE Vector Group","hd":false}]},"fFamily":"Roboto"},{"ch":"I","size":101,"style":"Bold","w":29.15,"data":{"shapes":[{"ty":"gr","it":[{"ind":0,"ty":"sh","ix":1,"ks":{"a":0,"k":{"i":[[0,0],[0,0],[0,0],[0,0]],"o":[[0,0],[0,0],[0,0],[0,0]],"v":[[21.924,-71.094],[7.275,-71.094],[7.275,0],[21.924,0]],"c":true},"ix":2},"nm":"I","mn":"ADBE Vector Shape - Group","hd":false}],"nm":"I","np":3,"cix":2,"bm":0,"ix":1,"mn":"ADBE Vector Group","hd":false}]},"fFamily":"Roboto"},{"ch":"N","size":101,"style":"Bold","w":70.61,"data":{"shapes":[{"ty":"gr","it":[{"ind":0,"ty":"sh","ix":1,"ks":{"a":0,"k":{"i":[[0,0],[0,0],[0,0],[0,0],[0,0],[0,0],[0,0],[0,0],[0,0],[0,0]],"o":[[0,0],[0,0],[0,0],[0,0],[0,0],[0,0],[0,0],[0,0],[0,0],[0,0]],"v":[[64.16,-71.094],[49.561,-71.094],[49.561,-24.219],[20.996,-71.094],[6.348,-71.094],[6.348,0],[20.996,0],[20.996,-46.777],[49.512,0],[64.16,0]],"c":true},"ix":2},"nm":"N","mn":"ADBE Vector Shape - Group","hd":false}],"nm":"N","np":3,"cix":2,"bm":0,"ix":1,"mn":"ADBE Vector Group","hd":false}]},"fFamily":"Roboto"},{"ch":"G","size":101,"style":"Bold","w":68.12,"data":{"shapes":[{"ty":"gr","it":[{"ind":0,"ty":"sh","ix":1,"ks":{"a":0,"k":{"i":[[0,0],[0,0],[0,0],[0,0],[0,0],[5.501,0],[2.832,3.809],[0,7.455],[0,0],[-2.605,3.744],[-4.98,0],[-2.23,-1.888],[-0.652,-4.069],[0,0],[4.752,4.021],[8.43,0],[4.508,-2.75],[2.393,-5.192],[0,-7.096],[0,0],[-2.523,-5.11],[-4.639,-2.686],[-6.152,0],[-4.818,1.741],[-2.637,3.158]],"o":[[0,0],[0,0],[0,0],[0,0],[-2.344,2.344],[-5.469,0],[-2.832,-3.809],[0,0],[0.032,-7.389],[2.604,-3.743],[3.906,0],[2.229,1.888],[0,0],[-0.879,-7.682],[-4.753,-4.02],[-6.055,0],[-4.509,2.751],[-2.393,5.193],[0,0],[0.065,6.902],[2.522,5.111],[4.639,2.686],[5.859,0],[4.817,-1.741],[0,0]],"v":[[62.598,-37.354],[34.619,-37.354],[34.619,-26.563],[47.949,-26.563],[47.949,-14.307],[36.182,-10.791],[23.73,-16.504],[19.482,-33.398],[19.482,-37.939],[23.438,-54.639],[34.814,-60.254],[44.019,-57.422],[48.34,-48.486],[62.598,-48.486],[54.15,-66.04],[34.375,-72.07],[18.53,-67.944],[8.179,-56.03],[4.59,-37.598],[4.59,-32.764],[8.472,-14.746],[19.214,-3.052],[35.4,0.977],[51.416,-1.636],[62.598,-8.984]],"c":true},"ix":2},"nm":"G","mn":"ADBE Vector Shape - Group","hd":false}],"nm":"G","np":3,"cix":2,"bm":0,"ix":1,"mn":"ADBE Vector Group","hd":false}]},"fFamily":"Roboto"}]}